PRAGMA foreign_keys=OFF;
BEGIN TRANSACTION;
CREATE TABLE IF NOT EXISTS "django_migrations" ("id" integer NOT NULL PRIMARY KEY AUTOINCREMENT, "app" varchar(255) NOT NULL, "name" varchar(255) NOT NULL, "applied" datetime NOT NULL);
INSERT INTO django_migrations VALUES(1,'contenttypes','0001_initial','2025-02-10 22:08:45.875323');
INSERT INTO django_migrations VALUES(2,'contenttypes','0002_remove_content_type_name','2025-02-10 22:08:45.992832');
INSERT INTO django_migrations VALUES(3,'auth','0001_initial','2025-02-10 22:08:46.212558');
INSERT INTO django_migrations VALUES(4,'auth','0002_alter_permission_name_max_length','2025-02-10 22:08:46.311161');
INSERT INTO django_migrations VALUES(5,'auth','0003_alter_user_email_max_length','2025-02-10 22:08:46.424137');
INSERT INTO django_migrations VALUES(6,'auth','0004_alter_user_username_opts','2025-02-10 22:08:46.514598');
INSERT INTO django_migrations VALUES(7,'auth','0005_alter_user_last_login_null','2025-02-10 22:08:46.624472');
INSERT INTO django_migrations VALUES(8,'auth','0006_require_contenttypes_0002','2025-02-10 22:08:46.721162');
INSERT INTO django_migrations VALUES(9,'auth','0007_alter_validators_add_error_messages','2025-02-10 22:08:46.816602');
INSERT INTO django_migrations VALUES(10,'auth','0008_alter_user_username_max_length','2025-02-10 22:08:46.914866');
INSERT INTO django_migrations VALUES(11,'auth','0009_alter_user_last_name_max_length','2025-02-10 22:08:47.024286');
INSERT INTO django_migrations VALUES(12,'auth','0010_alter_group_name_max_length','2025-02-10 22:08:47.124967');
INSERT INTO django_migrations VALUES(13,'auth','0011_update_proxy_permissions','2025-02-10 22:08:47.247706');
INSERT INTO django_migrations VALUES(14,'auth','0012_alter_user_first_name_max_length','2025-02-10 22:08:47.349413');
INSERT INTO django_migrations VALUES(15,'users','0001_initial','2025-02-10 22:08:47.546745');
INSERT INTO django_migrations VALUES(16,'admin','0001_initial','2025-02-10 22:08:47.745462');
INSERT INTO django_migrations VALUES(17,'admin','0002_logentry_remove_auto_add','2025-02-10 22:08:47.845313');
INSERT INTO django_migrations VALUES(18,'admin','0003_logentry_add_action_flag_choices','2025-02-10 22:08:47.951246');
INSERT INTO django_migrations VALUES(19,'sessions','0001_initial','2025-02-10 22:08:48.138764');
INSERT INTO django_migrations VALUES(20,'users','0002_otp_is_validated','2025-02-12 00:15:51.351890');
INSERT INTO django_migrations VALUES(21,'users','0003_otp_is_login','2025-02-18 18:20:01.272846');
INSERT INTO django_migrations VALUES(22,'users','0004_rename_isregistered_customuser_is_registered','2025-02-18 20:25:06.858331');
INSERT INTO django_migrations VALUES(23,'users','0005_alter_loginhistory_options_alter_otp_options_and_more','2025-02-28 19:38:15.487671');
INSERT INTO django_migrations VALUES(24,'users','0006_alter_customuser_document_type_and_more','2025-03-03 17:56:58.938864');
INSERT INTO django_migrations VALUES(25,'authtoken','0001_initial','2025-03-04 15:50:30.322542');
INSERT INTO django_migrations VALUES(26,'authtoken','0002_auto_20160226_1747','2025-03-04 15:50:30.484715');
INSERT INTO django_migrations VALUES(27,'authtoken','0003_tokenproxy','2025-03-04 15:50:30.578576');
INSERT INTO django_migrations VALUES(28,'authtoken','0004_alter_tokenproxy_options','2025-03-04 15:50:30.661408');
CREATE TABLE IF NOT EXISTS "django_content_type" ("id" integer NOT NULL PRIMARY KEY AUTOINCREMENT, "app_label" varchar(100) NOT NULL, "model" varchar(100) NOT NULL);
INSERT INTO django_content_type VALUES(1,'admin','logentry');
INSERT INTO django_content_type VALUES(2,'auth','permission');
INSERT INTO django_content_type VALUES(3,'auth','group');
INSERT INTO django_content_type VALUES(4,'contenttypes','contenttype');
INSERT INTO django_content_type VALUES(5,'sessions','session');
INSERT INTO django_content_type VALUES(6,'users','documenttype');
INSERT INTO django_content_type VALUES(7,'users','persontype');
INSERT INTO django_content_type VALUES(8,'users','customuser');
INSERT INTO django_content_type VALUES(9,'users','loginhistory');
INSERT INTO django_content_type VALUES(10,'users','otp');
INSERT INTO django_content_type VALUES(11,'users','loginrestriction');
INSERT INTO django_content_type VALUES(12,'authtoken','token');
INSERT INTO django_content_type VALUES(13,'authtoken','tokenproxy');
CREATE TABLE IF NOT EXISTS "auth_group_permissions" ("id" integer NOT NULL PRIMARY KEY AUTOINCREMENT, "group_id" integer NOT NULL REFERENCES "auth_group" ("id") DEFERRABLE INITIALLY DEFERRED, "permission_id" integer NOT NULL REFERENCES "auth_permission" ("id") DEFERRABLE INITIALLY DEFERRED);
INSERT INTO auth_group_permissions VALUES(1,1,37);
INSERT INTO auth_group_permissions VALUES(2,2,27);
INSERT INTO auth_group_permissions VALUES(3,2,28);
CREATE TABLE IF NOT EXISTS "auth_permission" ("id" integer NOT NULL PRIMARY KEY AUTOINCREMENT, "content_type_id" integer NOT NULL REFERENCES "django_content_type" ("id") DEFERRABLE INITIALLY DEFERRED, "codename" varchar(100) NOT NULL, "name" varchar(255) NOT NULL);
INSERT INTO auth_permission VALUES(1,1,'add_logentry','Can add log entry');
INSERT INTO auth_permission VALUES(2,1,'change_logentry','Can change log entry');
INSERT INTO auth_permission VALUES(3,1,'delete_logentry','Can delete log entry');
INSERT INTO auth_permission VALUES(4,1,'view_logentry','Can view log entry');
INSERT INTO auth_permission VALUES(5,2,'add_permission','Can add permission');
INSERT INTO auth_permission VALUES(6,2,'change_permission','Can change permission');
INSERT INTO auth_permission VALUES(7,2,'delete_permission','Can delete permission');
INSERT INTO auth_permission VALUES(8,2,'view_permission','Can view permission');
INSERT INTO auth_permission VALUES(9,3,'add_group','Can add group');
INSERT INTO auth_permission VALUES(10,3,'change_group','Can change group');
INSERT INTO auth_permission VALUES(11,3,'delete_group','Can delete group');
INSERT INTO auth_permission VALUES(12,3,'view_group','Can view group');
INSERT INTO auth_permission VALUES(13,4,'add_contenttype','Can add content type');
INSERT INTO auth_permission VALUES(14,4,'change_contenttype','Can change content type');
INSERT INTO auth_permission VALUES(15,4,'delete_contenttype','Can delete content type');
INSERT INTO auth_permission VALUES(16,4,'view_contenttype','Can view content type');
INSERT INTO auth_permission VALUES(17,5,'add_session','Can add session');
INSERT INTO auth_permission VALUES(18,5,'change_session','Can change session');
INSERT INTO auth_permission VALUES(19,5,'delete_session','Can delete session');
INSERT INTO auth_permission VALUES(20,5,'view_session','Can view session');
INSERT INTO auth_permission VALUES(21,6,'add_documenttype','Can add document type');
INSERT INTO auth_permission VALUES(22,6,'change_documenttype','Can change document type');
INSERT INTO auth_permission VALUES(23,6,'delete_documenttype','Can delete document type');
INSERT INTO auth_permission VALUES(24,6,'view_documenttype','Can view document type');
INSERT INTO auth_permission VALUES(25,7,'add_persontype','Can add person type');
INSERT INTO auth_permission VALUES(26,7,'change_persontype','Can change person type');
INSERT INTO auth_permission VALUES(27,7,'delete_persontype','Can delete person type');
INSERT INTO auth_permission VALUES(28,7,'view_persontype','Can view person type');
INSERT INTO auth_permission VALUES(29,8,'add_customuser','Can add user');
INSERT INTO auth_permission VALUES(30,8,'change_customuser','Can change user');
INSERT INTO auth_permission VALUES(31,8,'delete_customuser','Can delete user');
INSERT INTO auth_permission VALUES(32,8,'view_customuser','Can view user');
INSERT INTO auth_permission VALUES(33,9,'add_loginhistory','Can add login history');
INSERT INTO auth_permission VALUES(34,9,'change_loginhistory','Can change login history');
INSERT INTO auth_permission VALUES(35,9,'delete_loginhistory','Can delete login history');
INSERT INTO auth_permission VALUES(36,9,'view_loginhistory','Can view login history');
INSERT INTO auth_permission VALUES(37,10,'add_otp','Can add OTP');
INSERT INTO auth_permission VALUES(38,10,'change_otp','Can change OTP');
INSERT INTO auth_permission VALUES(39,10,'delete_otp','Can delete OTP');
INSERT INTO auth_permission VALUES(40,10,'view_otp','Can view OTP');
INSERT INTO auth_permission VALUES(41,11,'add_loginrestriction','Can add login restriction');
INSERT INTO auth_permission VALUES(42,11,'change_loginrestriction','Can change login restriction');
INSERT INTO auth_permission VALUES(43,11,'delete_loginrestriction','Can delete login restriction');
INSERT INTO auth_permission VALUES(44,11,'view_loginrestriction','Can view login restriction');
INSERT INTO auth_permission VALUES(45,12,'add_token','Can add Token');
INSERT INTO auth_permission VALUES(46,12,'change_token','Can change Token');
INSERT INTO auth_permission VALUES(47,12,'delete_token','Can delete Token');
INSERT INTO auth_permission VALUES(48,12,'view_token','Can view Token');
INSERT INTO auth_permission VALUES(49,13,'add_tokenproxy','Can add Token');
INSERT INTO auth_permission VALUES(50,13,'change_tokenproxy','Can change Token');
INSERT INTO auth_permission VALUES(51,13,'delete_tokenproxy','Can delete Token');
INSERT INTO auth_permission VALUES(52,13,'view_tokenproxy','Can view Token');
CREATE TABLE IF NOT EXISTS "auth_group" ("id" integer NOT NULL PRIMARY KEY AUTOINCREMENT, "name" varchar(150) NOT NULL UNIQUE);
INSERT INTO auth_group VALUES(1,'Fincario');
INSERT INTO auth_group VALUES(2,'gg');
CREATE TABLE IF NOT EXISTS "users_documenttype" ("documentTypeId" integer NOT NULL PRIMARY KEY AUTOINCREMENT, "typeName" varchar(50) NOT NULL);
INSERT INTO users_documenttype VALUES(1,'Cedula de Ciudadania');
INSERT INTO users_documenttype VALUES(2,'Número de Identificación Tributaria');
CREATE TABLE IF NOT EXISTS "users_persontype" ("personTypeId" integer NOT NULL PRIMARY KEY AUTOINCREMENT, "typeName" varchar(20) NOT NULL);
INSERT INTO users_persontype VALUES(2,'Natural');
INSERT INTO users_persontype VALUES(3,'Juridica');
CREATE TABLE IF NOT EXISTS "users_customuser" ("password" varchar(128) NOT NULL, "last_login" datetime NULL, "is_superuser" bool NOT NULL, "is_staff" bool NOT NULL, "is_active" bool NOT NULL, "date_joined" datetime NOT NULL, "document" varchar(12) NOT NULL PRIMARY KEY, "first_name" varchar(50) NOT NULL, "last_name" varchar(50) NOT NULL, "email" varchar(254) NOT NULL UNIQUE, "phone" varchar(20) NOT NULL, "address" varchar(200) NOT NULL, "is_registered" bool NOT NULL, "document_type_id" integer NULL REFERENCES "users_documenttype" ("documentTypeId") DEFERRABLE INITIALLY DEFERRED, "person_type_id" integer NULL REFERENCES "users_persontype" ("personTypeId") DEFERRABLE INITIALLY DEFERRED);
INSERT INTO users_customuser VALUES('pbkdf2_sha256$870000$GtBFRejoiiQAJRZduJqB1R$o8ffx4bh+uD/Xf+KAzoQ7j26ZzQpoOARzYywJYGxBmA=','2025-03-06 00:16:42.014166',1,1,1,'2025-02-10 22:12:11.293707','1234','Carlos','Martinez','admin@admin.com','123124','calle 12312',1,NULL,NULL);
INSERT INTO users_customuser VALUES('pbkdf2_sha256$870000$mgJtD30bMMDSjKmZbyAvjq$JFRWgUSJPW9pTNHNc9r63hrBPX9CiyDYw8NACfGHRRM=','2025-03-04 22:50:03.093868',0,0,1,'2025-02-10 23:03:59.545217','999','frelipe','Arturo','asd@sda.com','12312','calle 2312 edqwe',1,1,2);
INSERT INTO users_customuser VALUES('pbkdf2_sha256$870000$KRbFcmMMErLr5fxYuEm3eO$877c01MQkq3wMUFVDj1GWZGfORF0Oo9pXgu5a0sm3SI=',NULL,0,0,0,'2025-03-03 11:12:21.708485','12345','sss','22','asd@sdsa.com','12312','3123',1,1,2);
INSERT INTO users_customuser VALUES('pbkdf2_sha256$870000$yF6tNbpimv1LGgkAxeyhsk$skVetd+mw+Q59D8N2YaMZyaVr/v4mQkBsnQu076S8gU=',NULL,0,0,0,'2025-03-05 11:05:49.872634','123451','sss','22','asd@sdsa.cm','12312','3123',0,1,2);
INSERT INTO users_customuser VALUES('pbkdf2_sha256$870000$T0cM8pKNRsS28ZqymdsYdl$Mf8oqw8viWklsCjdzvqNO+6O7rDY3gXskJpAUYX67w8=',NULL,0,0,0,'2025-03-05 15:25:52.313098','1234512','sss','22','asd@sdsa.c00m','12312','3123',0,1,2);
INSERT INTO users_customuser VALUES('pbkdf2_sha256$870000$xNtAO5csvbimKFTOX4yP4w$VPbSBYN7kST7401GXA0cBkV+SprqvQtVYDIfrya4/Zk=',NULL,0,0,0,'2025-03-05 15:55:35.872518','12345122','sss','22','asd@sdsas.cm','12312','3123',0,1,2);
INSERT INTO users_customuser VALUES('pbkdf2_sha256$870000$adVDXNZMjI3seojVcQtfXV$GdwR9RGE9ZJwCLK0w75k7c25NkHiWGKyial8v97Zcmc=',NULL,0,0,0,'2025-03-05 15:59:39.981608','123451222','sss','22','asd@sdsa2s.cm','12312','3123',0,1,2);
CREATE TABLE IF NOT EXISTS "users_customuser_groups" ("id" integer NOT NULL PRIMARY KEY AUTOINCREMENT, "customuser_id" varchar(12) NOT NULL REFERENCES "users_customuser" ("document") DEFERRABLE INITIALLY DEFERRED, "group_id" integer NOT NULL REFERENCES "auth_group" ("id") DEFERRABLE INITIALLY DEFERRED);
CREATE TABLE IF NOT EXISTS "users_customuser_user_permissions" ("id" integer NOT NULL PRIMARY KEY AUTOINCREMENT, "customuser_id" varchar(12) NOT NULL REFERENCES "users_customuser" ("document") DEFERRABLE INITIALLY DEFERRED, "permission_id" integer NOT NULL REFERENCES "auth_permission" ("id") DEFERRABLE INITIALLY DEFERRED);
CREATE TABLE IF NOT EXISTS "users_loginhistory" ("id" integer NOT NULL PRIMARY KEY AUTOINCREMENT, "timestamp" datetime NOT NULL, "user_id" varchar(12) NOT NULL REFERENCES "users_customuser" ("document") DEFERRABLE INITIALLY DEFERRED);
INSERT INTO users_loginhistory VALUES(1,'2025-02-10 22:29:55.293372','1234');
INSERT INTO users_loginhistory VALUES(2,'2025-02-10 23:01:32.980550','1234');
INSERT INTO users_loginhistory VALUES(3,'2025-02-10 23:04:53.204559','1234');
INSERT INTO users_loginhistory VALUES(4,'2025-02-10 23:10:08.137298','999');
INSERT INTO users_loginhistory VALUES(5,'2025-02-11 12:09:31.682369','999');
INSERT INTO users_loginhistory VALUES(6,'2025-02-11 12:10:01.646446','1234');
INSERT INTO users_loginhistory VALUES(7,'2025-02-11 12:16:22.940690','1234');
INSERT INTO users_loginhistory VALUES(8,'2025-02-12 13:17:26.753976','1234');
INSERT INTO users_loginhistory VALUES(9,'2025-02-13 11:39:11.486944','1234');
INSERT INTO users_loginhistory VALUES(10,'2025-02-17 11:32:13.487831','1234');
INSERT INTO users_loginhistory VALUES(11,'2025-02-17 11:32:32.926313','1234');
INSERT INTO users_loginhistory VALUES(12,'2025-02-17 11:34:58.399124','1234');
INSERT INTO users_loginhistory VALUES(13,'2025-02-18 18:29:01.243979','999');
INSERT INTO users_loginhistory VALUES(14,'2025-02-19 02:39:22.878633','999');
INSERT INTO users_loginhistory VALUES(15,'2025-02-19 02:42:42.846055','1234');
INSERT INTO users_loginhistory VALUES(16,'2025-02-19 10:51:35.366925','1234');
INSERT INTO users_loginhistory VALUES(17,'2025-02-19 10:59:21.454257','1234');
INSERT INTO users_loginhistory VALUES(18,'2025-02-19 11:29:12.340948','1234');
INSERT INTO users_loginhistory VALUES(19,'2025-02-19 13:53:16.695661','1234');
INSERT INTO users_loginhistory VALUES(20,'2025-02-19 13:56:05.507754','1234');
INSERT INTO users_loginhistory VALUES(21,'2025-02-19 13:58:28.094916','1234');
INSERT INTO users_loginhistory VALUES(22,'2025-02-19 14:01:39.170883','1234');
INSERT INTO users_loginhistory VALUES(23,'2025-02-22 22:22:22.328872','999');
INSERT INTO users_loginhistory VALUES(24,'2025-02-25 12:33:11.368343','1234');
INSERT INTO users_loginhistory VALUES(25,'2025-03-03 11:14:14.285395','999');
INSERT INTO users_loginhistory VALUES(26,'2025-03-03 11:15:40.193630','1234');
INSERT INTO users_loginhistory VALUES(27,'2025-03-03 11:50:14.550715','1234');
INSERT INTO users_loginhistory VALUES(28,'2025-03-03 17:33:53.281290','1234');
INSERT INTO users_loginhistory VALUES(29,'2025-03-03 17:57:44.747173','1234');
INSERT INTO users_loginhistory VALUES(30,'2025-03-03 18:11:38.359102','1234');
INSERT INTO users_loginhistory VALUES(31,'2025-03-03 18:15:15.875658','999');
INSERT INTO users_loginhistory VALUES(32,'2025-03-04 15:51:04.690763','999');
INSERT INTO users_loginhistory VALUES(33,'2025-03-04 16:08:44.471379','999');
INSERT INTO users_loginhistory VALUES(34,'2025-03-04 16:19:54.774512','999');
INSERT INTO users_loginhistory VALUES(35,'2025-03-04 17:50:31.643224','999');
INSERT INTO users_loginhistory VALUES(36,'2025-03-04 17:55:55.282870','999');
INSERT INTO users_loginhistory VALUES(37,'2025-03-04 18:02:52.399579','999');
INSERT INTO users_loginhistory VALUES(38,'2025-03-04 18:24:22.592342','999');
INSERT INTO users_loginhistory VALUES(39,'2025-03-04 18:29:34.458277','1234');
INSERT INTO users_loginhistory VALUES(40,'2025-03-04 22:17:47.856730','999');
INSERT INTO users_loginhistory VALUES(41,'2025-03-04 22:19:09.665737','999');
INSERT INTO users_loginhistory VALUES(42,'2025-03-04 22:50:03.176686','999');
INSERT INTO users_loginhistory VALUES(43,'2025-03-05 15:38:29.901023','1234');
INSERT INTO users_loginhistory VALUES(44,'2025-03-05 15:44:51.578255','1234');
INSERT INTO users_loginhistory VALUES(45,'2025-03-06 00:16:42.082448','1234');
CREATE TABLE IF NOT EXISTS "django_admin_log" ("id" integer NOT NULL PRIMARY KEY AUTOINCREMENT, "object_id" text NULL, "object_repr" varchar(200) NOT NULL, "action_flag" smallint unsigned NOT NULL CHECK ("action_flag" >= 0), "change_message" text NOT NULL, "content_type_id" integer NULL REFERENCES "django_content_type" ("id") DEFERRABLE INITIALLY DEFERRED, "user_id" varchar(12) NOT NULL REFERENCES "users_customuser" ("document") DEFERRABLE INITIALLY DEFERRED, "action_time" datetime NOT NULL);
INSERT INTO django_admin_log VALUES(1,'1','1-Cedula de Ciudadania',1,'[{"added": {}}]',7,'1234','2025-02-10 23:01:44.006055');
INSERT INTO django_admin_log VALUES(2,'1','1-Cedula de Ciudadania',3,'',7,'1234','2025-02-10 23:02:01.587583');
INSERT INTO django_admin_log VALUES(3,'1','1-Cedula de Ciudadania',1,'[{"added": {}}]',6,'1234','2025-02-10 23:02:07.145737');
INSERT INTO django_admin_log VALUES(4,'2','2-Número de Identificación Tributaria',1,'[{"added": {}}]',6,'1234','2025-02-10 23:02:10.271789');
INSERT INTO django_admin_log VALUES(5,'2','2-Natural',1,'[{"added": {}}]',7,'1234','2025-02-10 23:02:16.789824');
INSERT INTO django_admin_log VALUES(6,'3','3-Juridica',1,'[{"added": {}}]',7,'1234','2025-02-10 23:02:20.595239');
INSERT INTO django_admin_log VALUES(7,'999','999 - frelipe Arturo',2,'[{"changed": {"fields": ["password"]}}]',8,'1234','2025-02-10 23:10:04.897808');
CREATE TABLE IF NOT EXISTS "django_session" ("session_key" varchar(40) NOT NULL PRIMARY KEY, "session_data" text NOT NULL, "expire_date" datetime NOT NULL);
INSERT INTO django_session VALUES('5ah0odif57zlnauhr5hp0mj2x9325tys','.eJxVjEEOwiAQRe_C2hBgpkBduvcMZIBBqoYmpV0Z765NutDtf-_9lwi0rTVsnZcwZXEW2gCK0-8cKT247Szfqd1mmea2LlOUuyIP2uV1zvy8HO7fQaVev7VVaAaj2SWM3oEqBDHbbA1rYrIIlp3SVBAi0MC6oBn9mBMwFO_RivcHQ9w4Nw:1thhb3:XlsHb8zbsjrG6--1xa0fywYV9fxle624msO_4xCP110','2025-02-24 23:10:05.196161');
INSERT INTO django_session VALUES('zp6okir37lvla0s51w3sqqa3i6szt02e','.eJxVjEEOwiAQRe_C2hBgpkBduvcMZIBBqoYmpV0Z765NutDtf-_9lwi0rTVsnZcwZXEW2gCK0-8cKT247Szfqd1mmea2LlOUuyIP2uV1zvy8HO7fQaVev7VVaAaj2SWM3oEqBDHbbA1rYrIIlp3SVBAi0MC6oBn9mBMwFO_RivcHQ9w4Nw:1tmynv:7jwWqUWFDnhPRAAigGRL4XCziXiG_4xX70u8Dd5ASVc','2025-03-11 12:33:11.495148');
CREATE TABLE IF NOT EXISTS "users_otp" ("id" integer NOT NULL PRIMARY KEY AUTOINCREMENT, "otp" varchar(6) NOT NULL UNIQUE, "creation_time" datetime NOT NULL, "user_id" varchar(12) NOT NULL REFERENCES "users_customuser" ("document") DEFERRABLE INITIALLY DEFERRED, "is_validated" bool NOT NULL, "is_login" bool NOT NULL);
INSERT INTO users_otp VALUES(97,'141525','2025-03-06 02:58:37.795718','999',1,0);
CREATE TABLE IF NOT EXISTS "users_loginrestriction" ("id" integer NOT NULL PRIMARY KEY AUTOINCREMENT, "attempts" integer NOT NULL, "blocked_until" datetime NULL, "last_attempt_time" datetime NULL, "user_id" varchar(12) NOT NULL REFERENCES "users_customuser" ("document") DEFERRABLE INITIALLY DEFERRED);
INSERT INTO users_loginrestriction VALUES(1,0,NULL,'2025-03-04 22:49:28.774011','999');
INSERT INTO users_loginrestriction VALUES(2,0,'2025-03-06 02:09:37.980678','2025-03-06 01:39:37.980678','1234');
CREATE TABLE IF NOT EXISTS "authtoken_token" ("key" varchar(40) NOT NULL PRIMARY KEY, "created" datetime NOT NULL, "user_id" varchar(12) NOT NULL UNIQUE REFERENCES "users_customuser" ("document") DEFERRABLE INITIALLY DEFERRED);
INSERT INTO authtoken_token VALUES('40617d1ddb9b0de871b8d1666a1a79902448cb9c','2025-03-06 00:16:41.793487','1234');
DELETE FROM sqlite_sequence;
INSERT INTO sqlite_sequence VALUES('django_migrations',28);
INSERT INTO sqlite_sequence VALUES('django_content_type',13);
INSERT INTO sqlite_sequence VALUES('auth_permission',52);
INSERT INTO sqlite_sequence VALUES('auth_group',2);
INSERT INTO sqlite_sequence VALUES('django_admin_log',7);
INSERT INTO sqlite_sequence VALUES('users_loginhistory',45);
INSERT INTO sqlite_sequence VALUES('users_persontype',3);
INSERT INTO sqlite_sequence VALUES('users_documenttype',2);
INSERT INTO sqlite_sequence VALUES('users_otp',97);
INSERT INTO sqlite_sequence VALUES('auth_group_permissions',3);
INSERT INTO sqlite_sequence VALUES('users_loginrestriction',2);
CREATE UNIQUE INDEX "django_content_type_app_label_model_76bd3d3b_uniq" ON "django_content_type" ("app_label", "model");
CREATE UNIQUE INDEX "auth_group_permissions_group_id_permission_id_0cd325b0_uniq" ON "auth_group_permissions" ("group_id", "permission_id");
CREATE INDEX "auth_group_permissions_group_id_b120cbf9" ON "auth_group_permissions" ("group_id");
CREATE INDEX "auth_group_permissions_permission_id_84c5c92e" ON "auth_group_permissions" ("permission_id");
CREATE UNIQUE INDEX "auth_permission_content_type_id_codename_01ab375a_uniq" ON "auth_permission" ("content_type_id", "codename");
CREATE INDEX "auth_permission_content_type_id_2f476e4b" ON "auth_permission" ("content_type_id");
CREATE INDEX "users_customuser_first_name_d546aecc" ON "users_customuser" ("first_name");
CREATE INDEX "users_customuser_last_name_327fe3f6" ON "users_customuser" ("last_name");
CREATE INDEX "users_customuser_phone_2cdad44c" ON "users_customuser" ("phone");
CREATE INDEX "users_customuser_address_017df66b" ON "users_customuser" ("address");
CREATE INDEX "users_customuser_isRegistered_5444a6cf" ON "users_customuser" ("is_registered");
CREATE INDEX "users_customuser_document_type_id_e4fb5851" ON "users_customuser" ("document_type_id");
CREATE INDEX "users_customuser_person_type_id_3502fcd5" ON "users_customuser" ("person_type_id");
CREATE UNIQUE INDEX "users_customuser_groups_customuser_id_group_id_76b619e3_uniq" ON "users_customuser_groups" ("customuser_id", "group_id");
CREATE INDEX "users_customuser_groups_customuser_id_958147bf" ON "users_customuser_groups" ("customuser_id");
CREATE INDEX "users_customuser_groups_group_id_01390b14" ON "users_customuser_groups" ("group_id");
CREATE UNIQUE INDEX "users_customuser_user_permissions_customuser_id_permission_id_7a7debf6_uniq" ON "users_customuser_user_permissions" ("customuser_id", "permission_id");
CREATE INDEX "users_customuser_user_permissions_customuser_id_5771478b" ON "users_customuser_user_permissions" ("customuser_id");
CREATE INDEX "users_customuser_user_permissions_permission_id_baaa2f74" ON "users_customuser_user_permissions" ("permission_id");
CREATE INDEX "users_loginhistory_user_id_9e68879b" ON "users_loginhistory" ("user_id");
CREATE INDEX "django_admin_log_content_type_id_c4bce8eb" ON "django_admin_log" ("content_type_id");
CREATE INDEX "django_admin_log_user_id_c564eba6" ON "django_admin_log" ("user_id");
CREATE INDEX "django_session_expire_date_a5c62663" ON "django_session" ("expire_date");
CREATE INDEX "users_otp_user_id_cd09ace3" ON "users_otp" ("user_id");
CREATE INDEX "users_loginrestriction_user_id_200cb8d5" ON "users_loginrestriction" ("user_id");
COMMIT;
